No;l;a;y
1;14.2520215262722;1;16.8982003472737
2;10.7229278703596;1;3.07111904040286
3;12.7008628375419;1;7.61558326187666
4;18.4043523065445;1;9.14184654258541
5;6.50918776206667;0;-4.56907793618067
6;11.3760183001695;1;5.616042446792
7;10.0086864027665;0;-2.89553941166773
8;11.1637821800159;0;-4.92616097955258
9;10.6177791929257;0;-6.58299490799405
10;6.99767754586764;0;-7.1014969886909
11;16.5988738776568;1;11.5464772030101
12;4.00619417470782;0;-9.11204767250433
13;16.2434268544818;1;11.5959492442972
14;5.65688525804665;0;2.39601973760152
15;18.0767122073032;1;-0.0798220260846954
16;15.1572797534102;1;2.71252336779287
17;14.9711630621128;1;12.8427114051463
18;-0.412639992739114;0;-14.7798605490184
19;16.5996680719466;1;18.8992685114676
20;4.39993645590507;0;-2.54511709847767
21;14.2252702505686;1;15.2617294018318
22;5.566626792163;0;-8.37979400252879
23;12.6399396435663;1;2.98861280896104
24;6.29990033059722;0;-7.15395872030315
25;11.8463861310053;1;-6.1464265283674
26;17.7247711933143;1;6.25552823105372
27;15.2108713449345;1;5.73220058113322
28;7.71425602146746;0;-17.6390872383344
29;11.1671569097304;1;-8.4665887491736
30;15.4675701758383;1;2.20433101327091
31;5.91358368578995;0;-5.1282579677673
32;11.4328870523578;1;5.48804307047431
33;9.36848989140815;0;0.0931262540739022
34;13.234059441349;1;11.409371871541
35;10.6319293546387;1;-0.670187422197346
36;10.9097145520611;0;-12.5431325391719
37;16.356939814358;1;2.11120202243684
38;4.75572985207803;0;-10.5148714013677
39;17.7018445087223;1;8.30882391190855
40;4.57906413131321;0;-3.88413873076482
41;20.446557587889;1;9.55691392523263
42;12.8860561930193;1;-3.14070775794962
43;8.5332343445624;0;-4.26258750143633
44;16.928432829753;1;8.10506047272115
45;2.24812499468205;0;-7.0122293803094
46;1.13647848266522;0;-13.001684249181
47;8.89185385360518;0;-8.93648050739626
48;6.65957893339332;0;-1.27733044651838
49;7.19174638437365;0;1.40144950150662
50;8.82831452302046;0;-8.71469376845173
51;10.5132894183233;1;2.23264163360356
52;13.6744548559949;1;0.456325174137351
53;11.9218814630381;1;-4.36615216580705
54;8.58410631823361;0;-2.19992542953719
55;16.5806983608902;1;-0.27552900480384
56;3.86974447911999;0;-1.23459508763358
57;12.4283527636942;1;9.90040273604204
58;11.962290561692;1;1.20825054756031
59;15.1665533734549;1;11.8601783940624
60;14.536112676409;1;12.3600553388904
61;11.4854404894527;1;15.4501078338146
62;2.35090641273879;0;-10.5155072546027
63;14.84102436546;1;1.6157138459466
64;11.0907443477921;1;-3.82284224358898
65;17.8543947144328;1;5.00567649986445
66;9.73050782651993;0;-1.03616787789758
67;13.7183826281866;1;0.888401787084931
68;16.7272400809307;1;5.13987638166008
69;1.42404193839863;0;-9.41518316063026
70;10.3152580970239;1;7.42283110180519
71;11.7870707117344;0;3.11277416349736
72;15.8179409603298;1;5.05692382727523
73;15.9620177202502;1;19.8877835765512
74;12.5509060109427;1;8.51788879396058
75;10.0602003526912;1;-1.10783287774946
76;16.4081851486407;1;7.87161487376657
77;10.3288386103659;1;6.89887868063157
78;11.9229957124532;1;4.79344119866209
79;22.1610179729456;1;9.33722875590886
80;2.91308602588912;0;-6.78696858595005
81;9.06093596482835;1;4.84653300166969
82;6.8949543072018;0;-9.82270007247273
83;15.2617735704838;1;18.7715735198706
84;17.8993287289125;1;1.36353406699788
85;6.13054463431902;0;-1.85677798623721
86;5.69616027158341;0;-9.78651034907664
87;13.2593635231123;1;7.38844756366695
88;19.3693520222734;1;4.17070476569145
89;15.487718437699;1;2.56919500083871
90;12.543573614062;1;-1.7192184626293
91;7.67163363982018;0;-7.68391100121831
92;9.76474937538742;0;-5.63015652180087
93;2.55340819786159;0;-6.90577409803334
94;5.70555496975996;0;-6.44487240846357
95;15.441330802368;1;4.68928506132372
96;10.8191942271228;0;-10.190797762852
97;2.83370869862917;0;-9.73663808453756
98;3.82351495841584;0;-10.1656417096403
99;5.23167905907678;0;-5.40650483814776
100;13.0876265455636;1;7.82710485339503
101;3.43829418779351;0;-6.77611370014845
102;7.10349106393401;0;-0.500852174268739
103;13.6208915836302;1;13.9755433714229
104;11.2683183970604;1;3.15240125214243
105;14.488200765418;1;-0.267487930070576
106;12.6463090354776;1;4.59097490679961
107;7.60242108273401;0;-12.9865357437665
108;4.02136342296332;0;-8.29082523961505
109;10.8372921052563;0;-10.3687376740197
110;8.0014062574144;0;-2.59436034492047
111;7.81365631213726;0;0.250389228379676
112;11.2792097530547;0;-6.01352863098047
113;8.66063881313341;0;-8.00191822098079
114;14.9681056382631;1;1.98678226089013
115;7.49313845674616;0;-11.3662007212004
116;10.2543430967647;1;0.510758351161606
117;8.60373920031207;0;-9.26551842738227
118;12.6362206489952;1;-1.14091289191566
119;13.079681525331;1;6.54227156312484
120;8.81735515800243;0;-3.47036049050118
121;8.41527973554758;0;-5.65784266324613
122;9.96319243589093;1;7.38494371817692
123;0.598012843680582;0;0.920629216957778
124;11.9691124810154;0;-4.22788081547435
125;12.8169151097962;1;6.17532882267461
126;19.2095406923531;1;6.94331136717525
127;18.8946663369201;1;19.86143876126
128;7.50401529551868;0;-4.25114890427762
129;9.72663017224296;0;-2.28728439946906
130;9.14161367922757;0;-9.04956126668991
131;23.7221888278518;1;14.5828623147852
132;12.4651597260015;0;-13.2767388902688
133;13.6536293248831;1;0.839406042135415
134;8.90700919153634;0;-6.19579051975711
135;17.7561422629617;1;-1.06394098036426
136;13.5743693306445;1;-2.47145794562961
137;10.5405612960169;0;-3.26011036621493
138;11.181455177855;1;15.6849087368926
139;8.91944967963301;1;9.58881551951085
140;7.47746910615936;0;-6.51611972204648
141;8.4459856453094;0;-8.93054106828201
142;6.50991414910526;0;-4.75225371899115
143;9.52340034889109;0;-6.86350200043025
144;11.2049302910546;1;-0.484098012285827
145;11.3740292398224;0;-11.7032605510575
146;13.0628528304769;1;13.0119051363882
147;3.6009049603207;0;-9.98468657374599
148;10.1089006949239;0;-9.43467118433586
149;0.943289439206589;0;-10.3956749855098
150;7.74112701639766;0;-13.1808919830806
151;2.20486153755523;0;-11.4978472070185
152;2.79565758408027;0;-10.5895107318353
153;16.3857850998978;1;1.57918019466004
154;14.196297294302;1;3.66381619549678
155;11.7441103826285;1;12.0744670559494
156;16.3226872014178;1;3.49568301505156
157;-1.36528609872442;0;-14.2195645505782
158;20.2742834637911;1;3.22816709297259
159;1.76059796154648;0;-16.4741004988953
160;4.45496830569003;0;-12.4649699396234
161;6.69776011205596;0;-2.55485576203367
162;8.38887203630736;0;-10.4238249438409
163;9.61481472630988;0;-4.973139147929
164;5.26753827325166;0;-7.60775733773595
165;15.8617016240136;1;6.42182592045102
166;4.78674015801955;0;-2.13954294678644
167;4.73102776130094;0;-1.09748593145787
168;10.6505705485665;0;-1.2432118070029
169;4.7023624875566;0;-14.71395247158
170;9.33003603158726;0;-6.38861957090784
171;22.6816606116902;1;18.4204774450922
172;5.44426329222048;1;10.7628206391909
173;12.1145336036795;1;0.303734582680789
174;8.97709297336567;1;5.38746547002949
175;15.5754081473718;1;-0.96327127306666
176;16.8454861507337;1;0.535768036707058
177;11.861092610646;1;1.55484708877806
178;15.5267689343734;1;16.088699680082
179;9.59936600585199;1;8.59989543291185
180;19.6201448751518;1;8.28389486892203
181;8.2142050253961;0;-18.3592890538178
182;5.77890555828695;0;-6.60000458916746
183;10.1628621333745;1;-0.951886737479327
184;-1.61318399673748;0;-7.40327050038273
185;5.21747803701769;0;-5.42838270061087
186;14.761996265542;1;9.15646251438357
187;15.6154996279458;1;12.6191270956456
188;9.67807467962663;0;-7.53750187726321
189;20.8057004675997;1;10.1798498073482
190;5.93387178249257;0;-11.9640169586611
191;13.869145311512;1;11.554035920994
192;7.12475501119757;0;-9.13921850050422
193;5.75326722700117;0;-21.6785601597804
194;20.8603057977695;1;7.59021746152434
195;10.8243312733262;1;3.4187030915915
196;6.55802164842821;0;-11.9116606603883
197;11.4665463749292;1;-1.8109184937288
198;6.74371432530052;0;-8.58684387895977
199;14.5912573127503;1;1.36875163271776
200;15.1611390168936;1;7.11147825802784
201;16.7247748190335;1;10.7145502644104
202;9.73279400336987;1;4.91843425098084
203;9.51663133291778;0;-11.1847004444806
204;7.05608253452626;0;-11.8355308888691
205;9.27783181724635;0;-13.2731712134496
206;7.55130608650622;0;-4.54045084610818
207;6.21258793474484;0;-7.63986515815565
208;10.463842291748;0;-1.41234179414157
209;19.1671576858756;1;8.1501000143378
210;16.3009570113478;1;10.1162990479439
211;11.2015994667108;1;8.59211726520017
212;23.1250126710033;1;8.38665271028682
213;7.11298474907896;0;-17.2977710587423
214;0.948301847121902;0;-3.1432951613055
215;7.84843360256351;0;-15.2740461134996
216;8.51639057666853;0;2.60613059184216
217;0.126955619998148;0;-20.0221762769885
218;15.7038337676489;1;6.12408611702272
219;12.1939302644959;1;7.39815639189957
220;17.9131616884981;1;6.88410627243156
221;14.2383637640252;1;-1.14137781125844
222;5.21462836009387;0;-10.1186437968734
223;6.82685304887708;0;-2.24934454709392
224;5.88694406350711;0;0.0913984557689753
225;8.42153808742058;0;-7.2869434038813
226;11.003848978258;0;0.181574643306765
227;14.5197157193145;1;4.04913043929212
228;14.6357716123037;1;2.41245590921285
229;1.82861851604659;0;-10.8120550541869
230;2.52698497277946;0;-9.30162821435971
231;16.2491618223637;1;8.4719077354357
232;17.5682688442718;1;7.20257578431094
233;12.478040259571;1;14.0939914890025
234;19.4512203068891;1;7.5583495810543
235;5.36043419094039;0;-9.01337120659215
236;14.4220573882507;1;6.55616314273172
237;10.4687917724386;1;5.51234919716484
238;11.8188142960882;1;2.75446759344868
239;10.2415805776859;0;-3.7177662005258
240;12.3448397744734;1;5.19516186164824
241;12.9106986827464;1;13.8062723110182
242;3.10290287171041;0;-0.139881977027807
243;10.7347057341108;1;5.43074114975629
244;11.0050136904296;1;8.00986667888445
245;9.58161687444539;0;9.4690282786526
246;2.89821088164846;0;-0.61870649499519
247;11.004886428486;0;-0.109061117038833
248;7.80533865907745;0;-7.4931496702333
249;14.6145007574293;1;9.75574386283233
250;2.05349243961555;0;-7.54646286191034
251;10.8637747119792;1;0.832504261639381
252;9.76017041790341;0;-3.69085943627134
253;7.48058579524281;1;3.73927398093775
254;13.1989601546851;1;6.13254347234626
255;12.1556869274554;1;2.75747598854494
256;4.34677599150415;0;-7.87449572875452
257;5.59398194930715;0;-6.97599142456791
258;4.58943843726915;0;-3.18607324245939
259;4.67926241982565;0;-14.7076284958093
260;22.2774399599149;1;14.5316229614623
261;8.82698942993671;0;-0.0584276651340998
262;6.66136924530223;1;-2.06603587427584
263;9.64388251336529;1;8.59674326086891
264;13.4380827306827;1;-4.10737366880883
265;9.46744273466452;1;5.16978861554411
266;3.9471471647505;0;-15.8933016997189
267;13.9962041198079;1;4.81399577712265
268;13.568626886139;1;2.64415665178197
269;5.33752311084997;0;-9.70532912534883
270;14.3823342597284;1;8.99676016306655
271;4.78778252616555;0;-7.20079673382704
272;14.8715726555098;1;10.4946083330255
273;12.2035186431861;0;-4.5142687163394
274;6.58398478326721;0;-13.0890393181912
275;6.61327892878615;0;-0.156637258292008
276;7.58040461248543;0;-6.00098195082064
277;10.5212706752933;1;8.82393930792492
278;9.41914390542317;0;-4.16106331013616
279;6.92636406055116;0;-21.5274552522227
280;8.0481613886359;0;-6.69988709791397
281;15.5443735955589;1;11.1020149257938
282;15.1199675119269;1;10.7737672310826
283;1.86815214661179;0;-9.04487792105875
284;2.94576571053726;0;-13.9116605023885
285;18.6111194804379;1;7.82281395050153
286;6.20756906058173;0;-15.782949500163
287;10.2601125944707;0;-11.1636988751779
288;12.6672090779737;1;4.95266081029175
289;6.41049230954128;0;-9.68225292443378
290;13.2042614901942;1;4.7279823151523
291;15.7680054151232;1;2.06570826028534
292;4.20301381144267;0;-10.5967132176446
293;9.73473462604535;1;-0.903205143808991
294;4.70817718781056;0;-9.10905682279411
295;12.6792311257154;1;3.59733272930724
296;10.4605841598901;0;-3.96397297637015
297;1.39893309586393;0;-14.652832869889
298;18.1144716553156;1;18.7387866278851
299;10.8646507299682;0;-2.55769947604942
300;6.93976640587506;0;2.80972590377908
301;12.6148903082674;1;12.4068938785526
302;5.5633581688662;0;-8.33360535185345
303;10.3358083432122;0;-14.2288925378247
304;4.48092530805483;0;-3.68109629044573
305;0.380367908418496;0;-5.71531223532101
306;15.5161297138859;1;9.23955720760403
307;13.1602822985022;1;5.76476680698296
308;12.8837226581599;1;6.47720899352714
309;11.055768663958;1;8.18270988155508
310;14.8145918766177;1;6.13764352285122
311;6.44074261476975;0;-16.7319485641391
312;20.0859302307106;1;14.5914659491604
313;7.76443407590059;0;-3.04921773543706
314;4.86797847640241;0;-7.32987010941947
315;17.0871947486673;1;9.07056544181329
316;9.85876151376313;1;1.24269245526675
317;4.34224901927355;0;-4.45355319563277
318;7.86692412324707;0;0.727367813641317
319;14.5796125951095;1;-0.196459628718948
320;17.9605931995774;1;-2.14366621595863
321;18.2900199336738;1;9.33950026652785
322;6.75072214843178;0;-7.1172934074236
323;12.4251992707776;1;10.644627591301
324;-0.791804052455747;0;-6.57792932664209
325;13.1451999542585;1;-4.90138841041858
326;6.21415345561964;0;-12.8182471353287
327;7.49117229500517;0;-10.9233555926907
328;13.8049231790497;1;5.76516587087435
329;7.89492728962356;0;-17.7372065576633
330;11.0938996670792;1;5.98082235370659
331;3.58970996818239;0;-13.1326846353174
332;15.3464797010607;1;14.8786656025492
333;9.90973667756213;1;1.43053594238084
334;7.35085597855224;1;8.5491004846711
335;4.81950779881542;0;-13.476194297629
336;0.414651922999795;0;-4.9399536768391
337;-1.78845431857356;0;-16.5020308424184
338;6.87109743645667;0;-12.2281514102111
339;9.41526758539087;0;-3.89318779545484
340;14.2412692810738;1;6.03812706309987
341;10.0185756892897;0;-9.9813913893265
342;10.7943596576338;1;3.19353213598284
343;5.51105618874171;0;-10.1371107874327
344;14.3195747433857;1;0.0756065841718367
345;15.0386288383278;1;14.9909618550549
346;22.7469059414866;1;4.71661084028808
347;7.18202331974443;0;-3.7627927498192
348;10.6865868121393;1;1.99444574185401
349;16.4815425036069;1;16.0554155864029
350;4.06763834664131;0;-10.2271637042041
351;12.8962206733279;1;6.53523259141589
352;9.1679054244889;0;-15.9862276623284
353;12.1109776199283;1;13.7120975963156
354;13.9260213289584;1;14.7479618663314
355;2.3387836176541;0;-8.72188804284621
356;13.2296461748358;1;6.7530367548333
357;9.43718695381525;1;5.42914196803947
358;5.26452182388884;0;1.65316946502238
359;10.687106121022;1;9.04561769124246
360;13.3492063151117;1;15.9920020589618
361;5.19601293837758;0;-4.55898191600263
362;8.36595147253587;0;-5.00424089615035
363;16.5937409461935;1;6.5134065791002
364;4.05932743694416;0;-10.7723367693988
365;6.65902755383569;0;0.654173965281483
366;13.5317678660713;1;12.2043260153658
367;7.56949609393888;0;-9.09452639090166
368;3.02539681611063;0;-12.0950595779792
369;9.09630510289555;0;-7.71281874790591
370;18.4282011548038;1;8.24878541845977
371;5.75932834453466;0;-14.867640608917
372;4.00240343435863;0;-6.55860401329732
373;14.5322289305556;1;-0.415377992916859
374;15.8212381192344;1;3.11463396352798
375;6.15997900540391;0;-6.87603599048602
376;15.3832478285442;1;24.2803395068438
377;8.46408484660791;0;-6.2467649615774
378;14.7873492517997;1;16.525539495445
379;6.00066761905423;0;-7.63423954722185
380;6.66485593158502;0;2.08014612530117
381;14.0983566588224;1;8.24983861571228
382;7.99573298186234;0;-4.21838615428887
383;6.67414041842522;0;-8.71297496907047
384;11.1481224078323;0;-7.48436286454162
385;15.8890943956382;1;-0.137869842813846
386;16.651520975648;1;7.91959997881663
387;6.35129683155966;0;-2.30697540225484
388;4.42066336642457;0;-11.9670519461583
389;9.02690940383807;0;-15.1820983930316
390;13.8410807491196;1;-0.742707876113595
391;12.2285556728294;1;7.97556527790586
392;13.6138423283258;1;8.50733673246017
393;11.662307866332;1;-0.135229274380151
394;8.328814692809;1;9.16022991394183
395;9.6038489143064;0;2.03428321091374
396;7.69893567099121;0;-4.30390428693336
397;3.71480567620886;0;-7.46093558791173
398;7.70031997189183;0;-10.2001171574809
399;5.57196515391049;0;-7.19630529896083
400;22.5530202798705;1;13.3623597094004
401;6.67785191547488;0;-7.88782060437711
402;11.1455524290487;1;0.855429197268448
403;10.0520578647026;0;-1.352978637308
404;1.53140181953056;0;-13.3316608305018
405;11.1963973064636;1;9.43089887230908
406;12.0568817116262;1;6.4950990688696
407;7.21791445199525;0;-7.68419702215519
408;16.8202969054562;1;1.30992482521717
409;1.84674802531637;0;-9.85302012702024
410;13.9663923755889;1;0.0333804420386663
411;2.69705226936035;0;-20.8892238672331
412;9.08550665087745;0;-0.256907694696245
413;11.4668109119817;0;-5.84299722590146
414;9.39742338478364;1;2.91396798449786
415;16.0240377998991;1;10.0968087809128
416;9.07383829184552;0;-18.8680819064298
417;16.0090193288864;1;4.5040462935611
418;14.4453372671669;1;0.550899529789653
419;5.32437003570117;0;-6.9943733124073
420;3.443042960798;0;-6.14523591726663
421;20.3725237262258;1;7.22729311745715
422;7.76422966021253;0;2.96042585575815
423;11.3381772478844;0;-3.44784134252686
424;6.98768523556208;0;-4.19558105636444
425;6.65165886367146;1;-2.25644307153756
426;13.0287690208037;1;7.16765084665264
427;12.3407256950293;1;3.04097864292081
428;15.6973027514689;1;8.97099150131889
429;2.61784611874423;0;-3.89352655264286
430;18.5754321787454;1;10.2087398309356
431;7.06000541400304;0;-9.64141721680021
432;15.1256507702747;1;1.86757147717361
433;11.9649601369142;1;0.694626284384976
434;11.2556777662465;0;-10.5066697666353
435;1.63178817450476;0;-5.29258403945102
436;5.47820832017298;0;-8.30920611710056
437;6.80456356650336;0;-0.939192636236153
438;7.41566488007047;0;-14.572459293309
439;11.3548416349468;1;-1.04743586811898
440;4.21458622244088;0;-12.8038245644124
441;15.5349600985844;1;9.53436921703643
442;7.01827852517597;0;-12.6468412130923
443;4.01533814437546;0;-5.63877969252913
444;11.4496118667653;1;10.8664258774413
445;4.26288849583853;0;-7.0299988127835
446;14.4569970623048;1;9.93440056376967
447;14.5946648809865;1;7.03498558176479
448;16.7468300315262;1;7.0785142040611
449;-2.13577619753059;0;-1.56147507812871
450;10.1189235790101;1;7.37189835014005
451;8.21508477825387;1;-2.65879545842295
452;8.97788121185984;0;-5.47922670152616
453;8.7554347257148;0;3.84974967938906
454;12.6318182020019;1;2.73542631284307
455;14.7271520664364;1;6.50047298648398
456;17.9471690066238;1;8.28033148504529
457;12.6360780228275;1;11.8819106655049
458;6.74998317050089;0;0.0153233175156031
459;-0.0446002613247209;0;-16.6649982883754
460;-0.862325954453345;0;-10.3668915111511
461;3.19004723177524;0;-5.6151870382138
462;10.1011102328336;1;-3.04330679708961
463;14.9265250282833;1;9.80499759130424
464;8.37744491225849;0;-9.0658831083409
465;8.52913132773619;0;-15.5352224859873
466;2.56491320949881;0;-8.79066231404168
467;21.3380264797133;1;15.8660533232254
468;-0.495760297084962;0;-8.67624967279011
469;9.29227987348783;0;-6.98929503890172
470;14.4447818075202;1;15.1531588224077
471;10.6308562521292;1;4.60122136211987
472;8.12176778496048;0;-11.7806084077633
473;3.5420332137236;0;-10.0585332502234
474;6.79094351104529;0;-5.64531411591458
475;19.7902486820008;1;4.58042645255473
476;4.52584200434348;0;-10.7789111604431
477;7.20404949133468;0;-5.54149798442995
478;7.90730199900197;0;-4.03258313599148
479;11.5579834971858;1;4.25993011942621
480;19.2949486571693;1;16.6776986727372
481;3.53562948317354;0;-14.7151133529981
482;2.28888329387686;0;-4.5186292920982
483;6.77929814614011;1;4.9651616936465
484;11.8916378995584;1;-5.1867783423442
485;6.87635678097372;0;-0.502495530466153
486;5.76962984660768;0;-9.50791446584095
487;11.737609037805;1;3.25979836319592
488;10.2188067148338;1;6.04903967982634
489;13.0648410158171;1;8.89304956299819
490;5.53516467297373;0;-2.22443316733876
491;-1.21489675921861;0;-13.1948962946572
492;10.063892985568;1;11.140110124026
493;12.9817934514187;1;11.4746900557947
494;14.0354530152232;1;12.0344767567742
495;12.2846904716487;1;18.1492876496338
496;7.01405277612519;0;-10.4503705803425
497;12.7257696414305;1;3.70987363781067
498;12.4193008832122;1;9.4742592666283
499;11.3204788983794;1;-5.67091525928565
500;6.90830601507309;0;-12.876035489867
501;8.7379232476669;0;0.243233307639127
502;10.7163308439477;0;-5.71163378423147
503;4.6642256168831;0;-7.54129711068702
504;12.8599126578098;0;-8.47254544616003
505;11.9391157333023;1;-0.497811941549937
506;6.53369975930936;0;-1.39722229666639
507;10.2201479717804;1;3.69509555550428
508;7.93848077741046;0;-5.20101857033974
509;10.5168555255415;1;8.21160147256237
510;14.1823412173371;1;-1.07938440488769
511;7.68526813447359;0;-10.6807583659709
512;8.12375501795907;0;-8.82886694575494
513;8.61109147823506;1;2.96687330723134
514;7.70909889694242;0;-12.4487753383107
515;7.31118275445108;0;-6.23034997916515
516;14.1948122426028;1;6.92030010871505
517;16.8439150602671;1;11.5937239185891
518;9.64505743342872;0;-9.75052506309731
519;16.388590701459;1;9.49434166342506
520;2.4175642473542;0;-6.19089912008456
521;5.04750442444867;0;3.08213543758216
522;5.15357305879219;0;-4.48728454640765
523;12.7015258026342;1;9.98236834568968
524;8.89267301742043;0;-1.41344479207453
525;14.3606554648285;1;0.247472298081032
526;15.2822224790529;1;7.74226895115246
527;9.55465235704119;1;2.46010096787138
528;3.2339910461273;0;-5.32725823493139
529;2.71594536949879;0;-7.21466575092318
530;6.59619479086828;0;-6.33293937565939
531;1.8422553429159;0;-7.01147869571551
532;13.1739829753843;1;12.6062574075257
533;8.42102015620132;0;-2.35854711238066
534;7.52742174867558;0;-4.34942207008066
535;18.595828311059;1;5.24751430746242
536;5.81332790959992;0;1.27703397547935
537;9.92238742257688;0;0.949247432178108
538;14.0828122962874;1;9.04756026106704
539;9.80506591236352;0;-1.55290990854931
540;8.76143520238182;0;-5.53481534368875
541;10.6083461237601;0;-3.92141803488838
542;9.53740218515097;1;2.70792047681613
543;2.98463481854331;0;-4.69991735408948
544;12.9258932798573;1;2.52269286869302
545;9.2045554697258;0;-13.3824547994198
546;10.8687100307127;0;-5.63365871448105
547;13.884497542227;1;4.97874018415203
548;11.6847729016198;1;8.7431533380276
549;9.99185745832025;0;-1.07633510225264
550;4.35748565413806;0;-2.87055531974304
551;6.7033428318894;0;-4.05374574099214
552;10.9773171928829;0;4.35634825213195
553;9.13876460696136;1;0.401501069624581
554;8.97718284676085;0;2.5942076548663
555;5.90580776947889;0;-9.97257913311343
556;11.3497105988119;1;-0.992487034693863
557;4.70034714459875;0;-7.69814374405403
558;17.3252318266448;1;12.9293211044803
559;7.12094399498149;0;-1.42876159149984
560;10.4513478150959;1;8.72167228996188
561;16.8501859839357;1;4.30063753806611
562;8.69233470085433;0;-8.34624514655103
563;4.09391480496936;0;-13.2376986924016
564;15.6608370658958;1;9.98868943875316
565;12.7168520936644;0;1.64347363540078
566;-0.871074008580168;0;-15.7257121138398
567;7.66276212162473;0;-8.16531628753727
568;13.1889378428256;1;7.44657199003695
569;11.92343740265;1;10.9406094621235
570;13.1622452823549;1;4.21328194370064
571;13.3731525009868;1;7.5812639753138
572;8.2075560701727;0;-6.78063588888651
573;11.6501643593959;0;-5.21366799266575
574;10.6983505528474;0;-3.95521761182122
575;12.9371310464604;1;6.60457342143559
576;4.48635839663728;0;-4.8259051981837
577;13.2193047729208;1;3.42883486924519
578;2.93573091148348;0;-13.2257832229541
579;12.0962426192748;1;3.51457754593737
580;24.3591495285878;1;4.10603693018227
581;12.8260346295766;1;5.36284596670619
582;7.71896967041021;0;-6.98488804089637
583;3.68896086685273;0;-13.7732333988146
584;9.1958434065354;1;12.3103217626062
585;11.0262481359301;1;7.23398493720802
586;6.10664814174378;0;-6.61829523713556
587;11.004262355895;1;5.62617143350651
588;9.99154579387402;1;-1.99104707576517
589;8.96928771568593;0;5.13600751133536
590;13.0365469468335;1;-0.393324815878881
591;6.24108110719391;0;-10.549869581904
592;12.0485980923307;1;10.4816213463367
593;10.2134677105865;1;4.02381400827506
594;12.6985610045001;1;7.56403149047417
595;13.214295719725;1;9.19279637804768
596;14.1122658446675;1;6.56385101717573
597;12.8911968543038;1;3.86817350499305
598;8.85658828904801;0;-7.36359960678906
599;9.4947885627707;0;-7.51301921033787
600;6.31234469738204;0;-19.2201949301457
601;11.7017874755261;1;-0.458278656414247
602;10.3741117659469;0;-4.13236957895532
603;6.20998015842134;0;-3.09643393186777
604;2.2000539395275;0;-8.73607516474344
605;11.507985553863;1;0.293543504486962
606;11.8455169277166;1;1.3282720787887
607;10.1010221441452;1;5.77307247174823
608;15.3742847429435;1;3.87145608764163
609;6.0469823326084;0;-8.10413957700852
610;0.769944622061885;0;-5.93864522007431
611;8.65600077748743;0;-12.3989094297956
612;11.3255629262609;0;-3.69515683519045
613;6.1117445330216;0;-0.463117256005924
614;10.7745942262403;1;2.56923492928628
615;17.493021640165;1;16.7489615549623
616;10.4761697133041;1;7.05609745111081
617;15.9909424917266;1;3.49069800531515
618;7.58754341536317;0;-7.47807039864719
619;11.3857117864112;0;-4.41793775125748
620;20.4829280416034;1;8.75855097787466
621;4.07221925103523;0;0.0616535198217187
622;9.1845480039605;0;-7.38114221209122
623;14.2621498618782;1;7.52557453250568
624;9.46275577749044;0;-5.50162557973749
625;3.69870712258405;0;-15.2904636210848
626;11.0318032160602;1;12.2615613922176
627;17.4842523981243;1;-0.253813476343318
628;9.23286447434722;1;9.2785372491422
629;21.2082752109068;1;12.5736161282456
630;11.9831611359352;1;5.89845772831412
631;4.76981356703556;0;-10.6664145761688
632;12.0481365686595;1;14.775417600306
633;5.89346819843475;0;-1.17670216836368
634;9.75686342553437;0;-4.9871076549277
635;3.61235895411207;0;-10.7945246628585
636;1.75650385571234;0;-2.2075917280898
637;9.08870705238123;1;0.706976175847137
638;10.9940015418695;1;6.80349912499786
639;11.8959911606805;1;10.1919466619904
640;13.0070697274671;1;5.13274216209799
641;11.0952303762294;1;5.54590737757704
642;15.7578813149049;1;1.89070234333942
643;15.2482787093747;1;12.8300363817706
644;6.71221923474513;0;-4.9450498138891
645;11.5989456115971;1;10.4853981147341
646;18.0053741138122;1;12.7334632651906
647;16.598602117765;1;6.22222328739575
648;11.8990435960274;1;9.7422004688202
649;3.08596082132481;0;-14.47403513907
650;14.7990997735298;1;14.2977636703852
651;5.45684538203865;0;-2.80667869047663
652;15.0680183852788;1;0.521879106995421
653;5.34397507232773;0;-3.73442201467184
654;12.430728165419;1;9.6960529876717
655;10.2244890500289;0;-1.20599126692424
656;13.1937843599923;1;4.49137742086311
657;1.92199363733858;0;-7.71921595935549
658;21.5381040948301;1;21.5019890201013
659;5.58196793742808;0;-7.54951524109175
660;13.1858616769263;1;15.7863260122962
661;12.2436935768438;0;-12.8820342731986
662;15.8615290331742;1;9.56270374017968
663;-1.26960242493173;0;-10.8745464741833
664;12.9703203125541;1;3.05669866561347
665;10.5464239467125;1;5.04895736793983
666;6.02516817746413;0;-3.9596606754134
667;14.3534973332457;1;10.8307892205778
668;6.9473449626854;0;-6.67476248665019
669;10.2660344107519;1;7.74490150611561
670;10.4250846201851;1;14.1579386144148
671;14.6528744019731;1;15.4517924998934
672;17.4709710366389;1;7.11779919275187
673;6.00651632884489;0;-1.14685569714741
674;11.6775916520219;1;-2.46538352746316
675;15.2579743041143;1;11.3470661603051
676;11.6649401115937;0;-1.69148176343261
677;7.78717564883236;0;-7.97460274932254
678;2.84397877101547;0;-5.18184763253649
679;10.3226636665145;1;-1.65492425199902
680;4.18631066283952;0;-14.6379175520177
681;-0.417626689850859;0;-10.0547201739731
682;10.7224402405027;1;-0.948882824969099
683;9.42360876248016;1;-0.814603778427959
684;6.45115025248616;0;-13.2589685491036
685;6.86265488240761;0;-0.249844183315044
686;5.45778898401393;0;2.47600745517759
687;15.2296981508034;1;10.9288881245015
688;4.09207391933993;0;-11.1019529462278
689;8.59384202532574;1;6.30492691098966
690;15.2526874461204;1;-2.45563914029355
691;1.58924299543436;0;-6.70276959386174
692;5.87399804433441;0;-5.75524022725017
693;21.8580112451445;1;12.5358830901051
694;14.5216594498526;1;3.6115238131195
695;18.6402111548689;1;1.99203992823584
696;1.18464516777404;0;-5.9083170946099
697;5.62233700162385;0;-8.7485087560341
698;6.46228168701208;0;-17.7453738366018
699;7.19553454701536;0;-5.65103478419702
700;0.314073360012291;0;-6.09274231041805
701;6.44954726582201;0;-7.50529000210895
702;9.77453367608208;0;-10.8187545317521
703;7.18973438694975;0;-1.93874876427187
704;16.1180568487277;1;3.7404784187256
705;10.5851578562074;1;2.3445522255075
706;13.2551825210131;1;14.920070316959
707;16.7737471791163;1;6.62715189256205
708;0.985915127668003;0;-17.3594893453991
709;12.5388488347241;1;3.65280351209913
710;11.3600244204538;1;13.2736778335387
711;9.99855958428994;1;6.15633575138463
712;8.80560109314015;0;1.24952708469727
713;9.52129440507172;1;1.87028182226703
714;14.6517769764385;1;5.92689173757242
715;6.31935636084701;0;-9.39748270769303
716;8.05682166321517;1;7.32461878837136
717;12.8979421505895;1;8.4328980417533
718;9.24733158114374;0;-3.9032973197577
719;2.32487437134512;0;-11.7052586557487
720;10.0804769954197;0;-1.08135774182659
721;13.8806974227121;1;-1.91769190988109
722;14.2498379265092;1;6.52058217107594
723;9.73582098560011;0;-6.87161714386787
724;13.1720709742292;1;5.56261564993589
725;9.62230958207493;1;1.43135495659367
726;6.51150858251386;0;-5.82708733403489
727;5.27299058409915;0;-4.37253691362523
728;8.05630251829501;0;-11.848739310763
729;8.97814517877332;1;-0.970350763667502
730;10.652515819414;1;8.82740847088557
731;13.2863091687596;1;12.8392599111903
732;6.07831079994221;0;-3.46164399010507
733;3.37208755207276;0;-9.39170918266425
734;11.5975999926439;1;14.7274568315175
735;10.8610075994061;1;2.81402869056554
736;3.53238970393813;0;-17.7610536631848
737;17.3940293270154;1;7.72472560454221
738;9.25049596786701;0;-6.88157893160264
739;4.95164383337177;1;1.24518254358613
740;1.33108198557708;0;-6.4029182093818
741;6.91067553572601;0;-6.27666255365566
742;7.70419444288963;0;-13.6654700833922
743;15.4481013041268;1;6.50026658745242
744;12.0921662556168;1;2.14774245093521
745;11.8950670169219;1;7.20653177805955
746;10.4302059984449;1;7.80121993859549
747;2.81358740351002;0;-14.880123696693
748;10.164157383925;1;2.32042389837989
749;4.33391082419488;0;-1.79361085721354
750;14.8159400535198;1;6.91095179050636
751;11.7485116698557;1;9.01226705959598
752;6.01597364232379;0;-14.4688262698995
753;21.5661519057366;1;16.7297970186805
754;16.2484753607362;1;6.4747699179672
755;6.29224810177407;0;-16.8152535991572
756;0.351531528237315;0;-8.85875896656504
757;13.1027867499507;1;5.93008261131629
758;15.3498370099044;1;7.60202110585888
759;2.05438996104299;0;-13.0761190671995
760;8.42086382296958;0;-11.5473311689376
761;6.11159421501906;0;-5.45726107996393
762;13.8407677282088;1;12.7058319002849
763;7.51946579060425;0;-0.0861246720602535
764;18.5964991289579;1;15.2958989204203
765;6.3166700124637;0;-3.8412666662518
766;9.16103047029648;0;-4.8743921625429
767;8.50856641464302;1;-1.38267500227675
768;7.94133728242052;0;-5.86034058238765
769;13.7603698102513;1;2.33325367106614
770;11.8268918993826;1;3.69247773136963
771;9.38602510356318;0;-5.83719965960486
772;21.4895783110086;1;5.39933543073999
773;6.87933867607717;0;-6.10917734407888
774;8.36268952751652;0;-10.9939879786658
775;14.7570511978285;1;19.6955687059051
776;13.0294433358092;1;-4.1435521171288
777;13.0166632602381;1;3.65699841134486
778;-2.06372215910204;0;-7.15750586993324
779;14.9533464295167;1;9.00874364410381
780;14.2981343370174;1;12.1956972525569
781;19.6063295901869;1;17.4302535790877
782;2.08691768822915;0;-9.34114014415583
783;6.18397470273905;0;-12.1022164117138
784;6.76676656514248;0;-1.40633599072133
785;10.3018727605067;1;-5.53906577845927
786;8.43335435787253;0;-6.90244660331798
787;3.65310810121299;0;-9.40937228156347
788;13.1888665706089;1;6.42496267321342
789;14.4459799995808;1;6.24415621293356
790;8.97393454494099;0;2.77520744105289
791;7.63134775966191;0;-15.8713947895054
792;8.74814412946546;1;1.10295749822217
793;6.72540740930217;0;4.55664435023938
794;14.131646900389;1;6.46539453854711
795;5.10531286393609;0;-7.11412160476942
796;-1.73542476830375;0;-16.8469474052795
797;11.5406055452051;1;9.10104265194347
798;14.9103730382099;1;3.9345526551213
799;12.2525218608066;1;1.55680067372279
800;8.98740130522606;0;1.42978734412573
801;5.22512409863714;0;-4.90614590913223
802;13.907286434439;1;4.48110172593553
803;16.6580695991964;1;1.25118337909478
804;3.91480824854677;0;-11.41395243414
805;5.70649459415114;0;-13.0060548762296
806;8.67673136924996;0;-4.71386823611711
807;6.39320007695853;0;-2.60265996613529
808;8.84117916611409;0;-4.88975970723463
809;8.00491201750501;0;-10.587035131543
810;23.0970006203671;1;3.79258764291977
811;9.63161160152132;0;0.0706789489825743
812;12.1496451292382;1;0.785723071417159
813;10.7464959722367;0;-9.65091809011518
814;6.07729666156012;0;-0.974228618345876
815;12.5627095943926;1;5.12651079763207
816;5.38969239378233;0;-5.15215846289145
817;2.59651976184917;0;-10.9487735964825
818;10.5161395892399;1;-3.06074799689229
819;15.4099246144624;1;11.4471767666091
820;12.0611068281792;1;-1.52546917548468
821;10.2335428988463;0;2.5945938708901
822;13.9076391357994;1;14.48795069109
823;13.2988281521294;1;8.64145459676015
824;4.1429837128718;0;-1.7436320369071
825;4.48851454339774;0;-10.2826851519134
826;9.40767498190351;1;15.3600729943906
827;4.22128811511022;0;-11.2786882588121
828;-5.95339887411871;0;-8.00558703859008
829;10.8077165772354;1;9.11284201772772
830;11.9205081187793;1;7.62648711452187
831;15.6673622689294;1;10.3149694002969
832;5.74153190278763;0;-2.58633245834363
833;15.7782530697179;1;2.15946763298751
834;4.55336890769736;0;-10.2149034446214
835;11.6740619641847;1;11.8057230197326
836;9.13059807466019;0;-6.78132406693387
837;4.64110494013824;0;-5.82439716633799
838;8.50802744930347;1;2.03988095722527
839;8.10056275545398;0;-3.08630519641385
840;10.0736784061555;1;17.462146526572
841;5.43040570413132;0;-13.8519847571997
842;7.92700698436206;0;-1.5195860271626
843;16.5007915773441;1;-5.62871519189768
844;0.8678622520488;0;-12.3391253209599
845;3.97534585861855;0;3.81470296945088
846;8.07154712295138;0;-11.5249780003044
847;13.1650008936585;1;2.25915582026509
848;11.6922937227013;1;5.81385418946891
849;16.3088492052032;1;9.73947154250845
850;14.6334266461021;1;9.23403688441625
851;3.12232047800508;0;-6.88976959096783
852;14.230439832614;1;8.11691406322931
853;6.73662620959885;0;-12.0037931086928
854;7.11023871368494;0;-6.35663719146849
855;14.9252362511594;1;10.8706843124521
856;9.22694731626365;0;-3.04183816965672
857;13.5915247889176;1;7.74635392984348
858;13.2106149074583;1;2.57080436402143
859;11.0367615020706;1;1.41597759962919
860;3.09169014444896;0;-6.54758233527964
861;11.2355734311185;0;-6.09022900761388
862;5.35340641558359;0;-17.2290314854395
863;2.90720384221551;0;-2.64913359124788
864;10.010555200593;1;9.76895266161564
865;10.1408791198585;1;5.97499869818211
866;13.1314943957001;1;3.83738710589689
867;17.4249566537706;1;5.56267321438682
868;4.59232550561524;0;-2.39040304305454
869;4.75051423239281;0;-11.3085260396565
870;8.58945035994162;0;-0.247345431755872
871;7.37182739383798;0;-7.95174907503567
872;15.0082938058598;1;2.77002163370871
873;7.2870115439868;0;-8.76589149654649
874;14.2041330313734;1;0.518919668336441
875;10.582968789802;1;-4.49762894147918
876;1.97668404824169;0;-10.0687997411154
877;5.55251330416374;0;-7.08033916068542
878;9.78569526238997;1;6.0603799344774
879;10.727423088106;0;-6.1012205189368
880;5.12733030517254;0;-4.68412207644524
881;3.47994174532521;0;-5.21519968509669
882;4.72376781905598;0;-3.49547049783369
883;5.47770338092848;0;0.165650525949481
884;14.1812906988614;1;5.75828517317482
885;15.8955058271065;1;-2.30641499870139
886;13.6972429922271;1;-3.62983637258365
887;13.4097360748557;1;10.8044991086313
888;6.35492325431084;0;-5.25410226504869
889;15.013488415427;1;5.91203156661426
890;11.1407545353288;0;7.87018923038039
891;19.0713489498503;1;13.1395214522999
892;11.8864928737286;1;18.2721046973166
893;9.07218032045503;1;9.52620973653511
894;9.32189517739763;1;13.1649802065963
895;13.0496847289848;1;2.83243771735077
896;10.7442851411359;1;3.13002031046471
897;4.14936750150552;0;-0.681723595903799
898;10.3929078981458;1;3.13614454218528
899;13.3264433201897;1;4.9291426399114
900;11.3063913744372;0;-10.6165324482817
901;5.30763022166129;0;-8.71222015833644
902;15.441193749255;1;2.1527050678832
903;9.96101856599602;0;-4.51986182818965
904;1.72039076272646;0;-16.6009163835857
905;15.3845982613155;1;8.27734710291653
906;9.42944459603701;1;7.27348264244441
907;-0.68126802905587;0;-15.8816476375312
908;9.45411634684135;0;-0.702722084809879
909;14.0843757468807;1;11.0814300498991
910;14.1777665102812;1;0.652483758100079
911;2.30912334556745;0;-11.7002412597764
912;4.1692785917055;0;-14.329988776626
913;13.3087717543133;1;13.7863447388517
914;16.0263129442338;1;12.6382015008119
915;13.3342519567564;1;6.97751366946862
916;-0.175932689443002;0;-17.4204168940609
917;14.4399301296858;1;9.69469674124958
918;2.59382142077471;0;-9.43251855234536
919;11.8693233319983;1;11.1122042144631
920;0.915750989788883;0;1.72881179387115
921;9.70871223544165;0;-3.07167723709927
922;9.72382457476035;0;-7.26362144119552
923;12.8319862344533;1;-1.04887405982572
924;14.5797733186745;1;9.07703657956314
925;9.45941108490652;0;7.60854073770986
926;12.8477056527834;1;6.12417702013346
927;9.4880144803122;0;0.0788724873896181
928;7.2137011566566;0;-9.61760961856412
929;10.7766567379448;0;-14.9504312711293
930;18.7458558285679;1;12.0681398618688
931;4.4244009410536;0;-6.28548804015715
932;1.93885403445096;0;-11.4712151359701
933;13.5681359551523;1;2.97662521149779
934;-3.0360557161307;0;-17.1584113157343
935;11.4392520900824;0;-10.6699066931616
936;4.09239896266977;0;-16.3392188414497
937;14.9961945645825;1;12.2690551973945
938;3.61379573753735;0;3.29221669627193
939;5.63139321607439;0;-2.54446920215536
940;10.8074787306131;0;-2.6633641918524
941;24.3187734479797;1;17.3550584889537
942;3.10752454802433;0;-3.357810785405
943;8.39973745036361;0;-15.6946134438722
944;7.78352985450667;0;-10.3326752286653
945;11.6932438039303;1;10.359938455125
946;15.0397149514522;1;17.8883574921241
947;6.1388829391134;0;-4.94761456753138
948;9.86375460562307;0;-5.60995459782694
949;5.82488827918171;0;-9.58840457065014
950;14.422620783268;1;13.3774720117038
951;15.9638166030766;1;13.6534849594903
952;9.53166249496988;1;7.74941155575384
953;8.14227465890158;1;3.77091241309702
954;9.71092134200567;1;7.97580503046689
955;11.8984883172316;1;11.041040334603
956;7.28889690286691;0;-8.23415465756869
957;16.9950739288681;1;11.8396802253639
958;8.17427456149847;0;-1.32477372117806
959;12.2725803953492;1;8.40035273324066
960;16.2327995011078;1;4.51469064924376
961;19.6868353897202;1;13.4175039072226
962;5.61750138881506;0;-1.09732060381748
963;11.2043674223727;0;0.373210447844205
964;6.64741184951207;0;-2.17368802989377
965;7.89951163895664;0;-4.32697967879775
966;12.5339801321282;1;2.51984846042358
967;2.64053500571997;0;-3.93465477265638
968;8.38322146771236;0;-2.22462264865753
969;7.51126368723877;0;-14.6454102705033
970;-0.709820912044133;0;-3.66916792435353
971;12.7639841444038;1;0.748926642715517
972;10.5655002295485;1;5.84174923796832
973;12.4852623008151;1;6.2416597819508
974;8.16968917352819;0;-1.7208925346067
975;11.8541181519765;1;6.39202643014454
976;10.2180135128509;0;-0.794572684909689
977;6.81742991053889;0;-2.23038387634161
978;18.0505797254129;1;0.744418692689315
979;15.1011449041548;1;4.33198193468056
980;19.0081099694143;1;16.6039271996598
981;7.68147718461784;0;-11.3323406164364
982;10.8647987050996;0;-4.06734324906004
983;21.5531627773394;1;11.0475156594775
984;9.39935932153511;0;-17.8478063077777
985;14.0489745918033;1;16.3296568005674
986;8.41777085511679;0;-5.57801042746394
987;12.633723912186;1;9.29601794077497
988;12.55114489241;1;3.96952784676275
989;5.8461433408313;0;-4.57180981304601
990;10.3082570287616;1;0.396412777125569
991;1.80700964903571;0;-7.76893502769548
992;14.0155622159115;1;4.63695084303585
993;5.30885963275542;0;-8.38519064222145
994;11.9398800081548;1;9.00718622026443
995;9.95396844364216;1;9.6506250921537
996;7.06402400482562;0;-11.3085518910237
997;14.7917042115475;1;7.90369502732839
998;9.76556133792345;1;8.99657727098198
999;12.3405362047104;0;-5.78444369502121
1000;14.9844576800219;1;8.83917298885923
